QALY,TotalCost
13.39990247191178,22237.218890909076
